canton_id,provincia
131,GUAYAS
234,PICHINCHA
58,AZUAY
274,SANTO DOMINGO DE LOS TSÁCHILAS
242,TUNGURAHUA
191,MANABÍ
110,EL ORO
137,GUAYAS
198,MANABÍ
100,CHIMBORAZO
162,LOJA
136,GUAYAS
156,IMBABURA
93,COTOPAXI
124,ESMERALDAS
182,LOS RÍOS
140,GUAYAS
276,SANTA ELENA
178,LOS RÍOS
193,MANABÍ
127,ESMERALDAS
194,MANABÍ
159,IMBABURA
277,SANTA ELENA
238,PICHINCHA
235,PICHINCHA
263,SUCUMBÍOS
236,PICHINCHA
199,MANABÍ
145,GUAYAS
73,BOLÍVAR
270,ORELLANA
87,CARCHI
278,SANTA ELENA
141,GUAYAS
118,EL ORO
230,PASTAZA
185,LOS RÍOS
225,NAPO
121,EL ORO
138,GUAYAS
196,MANABÍ
80,CAÑAR
187,LOS RÍOS
184,LOS RÍOS
148,GUAYAS
207,MANABÍ
97,COTOPAXI
96,COTOPAXI
248,TUNGURAHUA
204,MANABÍ
83,CAÑAR
147,GUAYAS
139,GUAYAS
115,EL ORO
149,GUAYAS
134,GUAYAS
116,EL ORO
213,MORONA SANTIAGO
94,COTOPAXI
157,IMBABURA
158,IMBABURA
272,ORELLANA
144,GUAYAS
82,CAÑAR
188,LOS RÍOS
203,MANABÍ
275,SANTO DOMINGO DE LOS TSÁCHILAS
129,ESMERALDAS
266,SUCUMBÍOS
128,ESMERALDAS
106,CHIMBORAZO
125,ESMERALDAS
179,LOS RÍOS
142,GUAYAS
146,GUAYAS
60,AZUAY
205,MANABÍ
202,MANABÍ
249,TUNGURAHUA
189,LOS RÍOS
200,MANABÍ
192,MANABÍ
181,LOS RÍOS
237,PICHINCHA
101,CHIMBORAZO
126,ESMERALDAS
105,CHIMBORAZO
164,LOJA
183,LOS RÍOS
130,ESMERALDAS
111,EL ORO
206,MANABÍ
226,NAPO
102,CHIMBORAZO
201,MANABÍ
251,ZAMORA CHINCHIPE
211,MANABÍ
91,CARCHI
150,GUAYAS
119,EL ORO
172,LOJA
180,LOS RÍOS
77,BOLÍVAR
273,ORELLANA
62,AZUAY
221,MORONA SANTIAGO
195,MANABÍ
135,GUAYAS
163,LOJA
133,GUAYAS
209,MANABÍ
132,GUAYAS
241,PICHINCHA
212,MANABÍ
66,AZUAY
186,LOS RÍOS
122,EL ORO
98,COTOPAXI
153,GUAYAS
218,MORONA SANTIAGO
255,ZAMORA CHINCHIPE
170,LOJA
72,AZUAY
197,MANABÍ
152,GUAYAS
243,TUNGURAHUA
214,MORONA SANTIAGO
95,COTOPAXI
65,AZUAY
74,BOLÍVAR
190,LOS RÍOS
247,TUNGURAHUA
81,CAÑAR
99,COTOPAXI
169,LOJA
143,GUAYAS
161,IMBABURA
262,GALÁPAGOS
109,CHIMBORAZO
210,MANABÍ
171,LOJA
88,CARCHI
78,BOLÍVAR
75,BOLÍVAR
240,PICHINCHA
231,PASTAZA
61,AZUAY
76,BOLÍVAR
174,LOJA
89,CARCHI
165,LOJA
155,GUAYAS
167,LOJA
250,TUNGURAHUA
246,TUNGURAHUA
239,PICHINCHA
120,EL ORO
103,CHIMBORAZO
160,IMBABURA
151,GUAYAS
256,ZAMORA CHINCHIPE
90,CARCHI
168,LOJA
68,AZUAY
59,AZUAY
216,MORONA SANTIAGO
154,GUAYAS
107,CHIMBORAZO
268,SUCUMBÍOS
219,MORONA SANTIAGO
104,CHIMBORAZO
244,TUNGURAHUA
175,LOJA
264,SUCUMBÍOS
252,ZAMORA CHINCHIPE
208,MANABÍ
217,MORONA SANTIAGO
63,AZUAY
215,MORONA SANTIAGO
233,PASTAZA
224,MORONA SANTIAGO
84,CAÑAR
227,NAPO
265,SUCUMBÍOS
258,ZAMORA CHINCHIPE
269,SUCUMBÍOS
260,GALÁPAGOS
92,CARCHI
257,ZAMORA CHINCHIPE
113,EL ORO
222,MORONA SANTIAGO
245,TUNGURAHUA
79,BOLÍVAR
173,LOJA
271,ORELLANA
117,EL ORO
166,LOJA
108,CHIMBORAZO
228,NAPO
253,ZAMORA CHINCHIPE
254,ZAMORA CHINCHIPE
112,EL ORO
85,CAÑAR
123,EL ORO
259,ZAMORA CHINCHIPE
229,NAPO
86,CAÑAR
70,AZUAY
232,PASTAZA
220,MORONA SANTIAGO
177,LOJA
176,LOJA
64,AZUAY
71,AZUAY
67,AZUAY
267,SUCUMBÍOS
261,GALÁPAGOS
69,AZUAY
223,MORONA SANTIAGO
114,EL ORO
