fecha,nombre_feriado,tipo
2021-01-01,Año Nuevo,ley
2021-02-15,Carnaval,ley
2021-02-16,Carnaval,ley
2021-04-02,Viernes Santo,ley
2021-04-30,Día del Trabajo,traslado
2021-05-01,Día del Trabajo,ley
2021-05-24,Batalla de Pichincha,ley
2021-08-09,Primer Grito de Independencia,traslado
2021-10-08,Independencia de Guayaquil,traslado
2021-10-09,Independencia de Guayaquil,ley
2021-11-01,Día de Difuntos,traslado
2021-11-02,Día de Difuntos,decreto
2021-11-03,Independencia de Cuenca,ley
2021-12-24,Navidad,traslado
2021-12-25,Navidad,ley
2021-12-31,Año Nuevo,traslado
2022-01-01,Año Nuevo,ley
2022-02-28,Carnaval,ley
2022-03-01,Carnaval,ley
2022-04-15,Viernes Santo,ley
2022-05-01,Día del Trabajo,ley
2022-05-02,Día del Trabajo,traslado
2022-05-23,Batalla de Pichincha,traslado
2022-08-12,Primer Grito de Independencia,traslado
2022-10-09,Independencia de Guayaquil,ley
2022-10-10,Independencia de Guayaquil,traslado
2022-11-03,Independencia de Cuenca,ley
2022-11-04,Día de Difuntos,traslado
2022-12-25,Navidad,ley
2022-12-26,Navidad,traslado
2023-01-01,Año Nuevo,ley
2023-01-02,Año Nuevo,traslado
2023-02-20,Carnaval,ley
2023-02-21,Carnaval,ley
2023-04-07,Viernes Santo,ley
2023-05-01,Día del Trabajo,ley
2023-05-26,Batalla de Pichincha,traslado
2023-08-11,Primer Grito de Independencia,traslado
2023-10-09,Independencia de Guayaquil,ley
2023-11-02,Día de Difuntos,ley
2023-11-03,Independencia de Cuenca,ley
2023-12-25,Navidad,ley
2024-01-01,Año Nuevo,ley
2024-02-12,Carnaval,ley
2024-02-13,Carnaval,ley
2024-03-29,Viernes Santo,ley
2024-05-03,Día del Trabajo,traslado
2024-05-24,Batalla de Pichincha,ley
2024-08-09,Primer Grito de Independencia,traslado
2024-08-10,Primer Grito de Independencia,ley
2024-10-11,Independencia de Guayaquil,traslado
2024-11-01,Día de Difuntos,traslado
2024-11-02,Día de Difuntos,ley
2024-11-03,Independencia de Cuenca,ley
2024-11-04,Independencia de Cuenca,traslado
2024-12-25,Navidad,ley
2025-01-01,Año Nuevo,ley
2025-03-03,Carnaval,ley
2025-03-04,Carnaval,ley
2025-04-18,Viernes Santo,ley
2025-05-02,Día del Trabajo,traslado
2025-05-23,Batalla de Pichincha,traslado
2025-05-24,Batalla de Pichincha,ley
2025-08-10,Primer Grito de Independencia,ley
2025-08-11,Primer Grito de Independencia,traslado
2025-10-10,Independencia de Guayaquil,traslado
2025-11-02,Día de Difuntos,ley
2025-11-03,Independencia de Cuenca,ley
2025-11-04,Día de Difuntos,traslado
2025-12-25,Navidad,ley
2026-01-01,Año Nuevo,ley
2026-01-02,Año Nuevo (puente),decreto
2026-02-16,Carnaval,ley
2026-02-17,Carnaval,ley
2026-04-03,Viernes Santo,ley
2026-05-01,Día del Trabajo,ley
2026-05-24,Batalla de Pichincha,ley
2026-05-25,Batalla de Pichincha,traslado
2026-08-10,Primer Grito de Independencia,ley
2026-10-09,Independencia de Guayaquil,ley
2026-11-02,Día de Difuntos,ley
2026-11-03,Independencia de Cuenca,ley
2026-12-25,Navidad,ley
